name;email;password;job;phone;address;image
Ahmed;ahmed@gmail.com;cff8f6byRA8QBx;Software Developer;01025487698;30 El Montaser St., AGOUZA;default-user.jpg
Saad;Saad@gmail.com;MPHqGvuFNj2CS3;Engineer;01125487985;30 El Montaser St., AGOUZA;default-user.jpg
Sara;Sara@gmail.com;D6bw4LuDJLf2UJ;FrontEnd Developer;01275003488;30 El Montaser St., AGOUZA;default-user.jpg
Fatma;Fatma@gmail.com;mftCHAp4sR5acg;BackEnd Developer;01525874418;30 El Montaser St., AGOUZA;default-user.jpg
Rami;Rami@gmail.com;4RPEcYszP8nqcY;UI/UX Designer;01025400652;54 Al Gazira Al Wosta St., ZAMALEK;default-user.jpg
Samir;Samir@gmail.com;VaCNFbf9cBvYG9;DB Analysis;01258754836;34 Shourtat El Khaiala St. El Bassateen;default-user.jpg
Ibrahim;Ibrahim@gmail.com;43ctaHnPStgax4;Programer;01035874885;59 Mohamed Riyad St., Abdin;default-user.jpg
Eslam;eslam@mail.com;UxNA8J8ZxrNyVR;Freelancer;01280690514;Ard El Halawani Sidi Beshr;default-user.jpg
ahmedk;dfg@gmail.com;2wARKAAuwa6VPC;Instructor;01025687493;3b  Hagag Street, Tahrir;default-user.jpg
Galal;galal@gmail.com;ZbYcKQ9WfYPNP7;Instructor;01025687493;3b  Hagag Street, Tahrir;default-user.jpg